﻿<?xml version="1.0" encoding="utf-8"?>
<manifest identifier="_5vzxbcdSZbK_course_id" version="1.0" xmlns="http://www.imsproject.org/xsd/imscp_rootv1p1p2" xmlns:adlcp="http://www.adlnet.org/xsd/adlcp_rootv1p2" xmlns:xsi="http://www.w3.org/2001/XMLSchema-instance" xsi:schemaLocation="http://www.imsproject.org/xsd/imscp_rootv1p1p2 imscp_rootv1p1p2.xsd http://www.imsglobal.org/xsd/imsmd_rootv1p2p1 imsmd_rootv1p2p1.xsd http://www.adlnet.org/xsd/adlcp_rootv1p2 adlcp_rootv1p2.xsd">
  <metadata>
    <schema>ADL SCORM</schema>
    <schemaversion>1.2</schemaversion>
    <lom xmlns="http://www.imsglobal.org/xsd/imsmd_rootv1p2p1" xmlns:xsi="http://www.w3.org/2001/XMLSchema-instance" xsi:schemaLocation="http://www.imsglobal.org/xsd/imsmd_rootv1p2p1 imsmd_rootv1p2p1.xsd">
      <general>
        <title>
          <langstring xml:lang="x-none">Zuordnung</langstring>
        </title>
      </general>
      <lifecycle>
        <version>
          <langstring xml:lang="x-none">1</langstring>
        </version>
        <status>
          <source>
            <langstring xml:lang="x-none">LOMv1.0</langstring>
          </source>
          <value>
            <langstring xml:lang="x-none">Final</langstring>
          </value>
        </status>
      </lifecycle>
      <metametadata>
        <metadatascheme>ADL SCORM 1.2</metadatascheme>
      </metametadata>
      <educational>
        <typicallearningtime>
          <datetime>PT0H0M0S</datetime>
        </typicallearningtime>
      </educational>
      <rights>
        <cost>
          <source>
            <langstring xml:lang="x-none">LOMv1.0</langstring>
          </source>
          <value>
            <langstring xml:lang="x-none">yes</langstring>
          </value>
        </cost>
        <copyrightandotherrestrictions>
          <source>
            <langstring xml:lang="x-none">LOMv1.0</langstring>
          </source>
          <value>
            <langstring xml:lang="x-none">yes</langstring>
          </value>
        </copyrightandotherrestrictions>
      </rights>
    </lom>
  </metadata>
  <organizations default="Zuordnung_ORG">
    <organization identifier="Zuordnung_ORG">
      <title>Zuordnung</title>
      <item identifier="Unbenannt1_SCO" isvisible="true" identifierref="__5vzxbcdSZbK_course_id_RES">
        <title>Zuordnung</title>
      </item>
    </organization>
  </organizations>
  <resources>
    <resource identifier="__5vzxbcdSZbK_course_id_RES" type="webcontent" href="index_lms.html" adlcp:scormtype="sco">
      <file href="story_content/thumbnail.jpg" />
      <file href="story_content/WebObjects/62DYdZEHu2o/index.html" />
      <file href="story_content/WebObjects/62DYdZEHu2o/README.md" />
      <file href="story_content/WebObjects/62DYdZEHu2o/.git/COMMIT_EDITMSG" />
      <file href="story_content/WebObjects/62DYdZEHu2o/.git/config" />
      <file href="story_content/WebObjects/62DYdZEHu2o/.git/description" />
      <file href="story_content/WebObjects/62DYdZEHu2o/.git/FETCH_HEAD" />
      <file href="story_content/WebObjects/62DYdZEHu2o/.git/HEAD" />
      <file href="story_content/WebObjects/62DYdZEHu2o/.git/index" />
      <file href="story_content/WebObjects/62DYdZEHu2o/.git/ORIG_HEAD" />
      <file href="story_content/WebObjects/62DYdZEHu2o/.git/hooks/applypatch-msg.sample" />
      <file href="story_content/WebObjects/62DYdZEHu2o/.git/hooks/commit-msg.sample" />
      <file href="story_content/WebObjects/62DYdZEHu2o/.git/hooks/fsmonitor-watchman.sample" />
      <file href="story_content/WebObjects/62DYdZEHu2o/.git/hooks/post-update.sample" />
      <file href="story_content/WebObjects/62DYdZEHu2o/.git/hooks/pre-applypatch.sample" />
      <file href="story_content/WebObjects/62DYdZEHu2o/.git/hooks/pre-commit.sample" />
      <file href="story_content/WebObjects/62DYdZEHu2o/.git/hooks/pre-merge-commit.sample" />
      <file href="story_content/WebObjects/62DYdZEHu2o/.git/hooks/pre-push.sample" />
      <file href="story_content/WebObjects/62DYdZEHu2o/.git/hooks/pre-rebase.sample" />
      <file href="story_content/WebObjects/62DYdZEHu2o/.git/hooks/pre-receive.sample" />
      <file href="story_content/WebObjects/62DYdZEHu2o/.git/hooks/prepare-commit-msg.sample" />
      <file href="story_content/WebObjects/62DYdZEHu2o/.git/hooks/push-to-checkout.sample" />
      <file href="story_content/WebObjects/62DYdZEHu2o/.git/hooks/update.sample" />
      <file href="story_content/WebObjects/62DYdZEHu2o/.git/info/exclude" />
      <file href="story_content/WebObjects/62DYdZEHu2o/.git/logs/HEAD" />
      <file href="story_content/WebObjects/62DYdZEHu2o/.git/logs/refs/heads/master" />
      <file href="story_content/WebObjects/62DYdZEHu2o/.git/logs/refs/heads/try" />
      <file href="story_content/WebObjects/62DYdZEHu2o/.git/objects/0a/4a79efafd55cd9d093484c7c051b5e194cd15c" />
      <file href="story_content/WebObjects/62DYdZEHu2o/.git/objects/12/d22a105c83d48a52d8abad954b2cd479631f07" />
      <file href="story_content/WebObjects/62DYdZEHu2o/.git/objects/26/24851dc4468c4100050061206bc9d3376bc7c7" />
      <file href="story_content/WebObjects/62DYdZEHu2o/.git/objects/2a/a3b13bfb2e70da4084fe151d3b68cae2ae15ef" />
      <file href="story_content/WebObjects/62DYdZEHu2o/.git/objects/4f/2c7abf6b62b6f2a2062c09b3d022386dc91087" />
      <file href="story_content/WebObjects/62DYdZEHu2o/.git/objects/78/4ce4ac49c7a11fbbe86b2846b939b6d47751af" />
      <file href="story_content/WebObjects/62DYdZEHu2o/.git/objects/9a/6a324f1ea4fe8264c0b1639d841921bb896cc1" />
      <file href="story_content/WebObjects/62DYdZEHu2o/.git/objects/af/0a25ef31a0d93cce260be5262bf6b46e5039df" />
      <file href="story_content/WebObjects/62DYdZEHu2o/.git/objects/b8/eb5ceacaf7e849981faa663f7572cfa19e108f" />
      <file href="story_content/WebObjects/62DYdZEHu2o/.git/objects/be/298a04e0c0694c7213b14fea6dd155149d80af" />
      <file href="story_content/WebObjects/62DYdZEHu2o/.git/objects/be/39da4d2100ed9691c7db58e49f6d6bcddc0f40" />
      <file href="story_content/WebObjects/62DYdZEHu2o/.git/objects/cb/c1122fb17fe48a46b992511234120ff209c765" />
      <file href="story_content/WebObjects/62DYdZEHu2o/.git/objects/d1/c635eaaffaa7e10a534862e9d9fe2049e2018f" />
      <file href="story_content/WebObjects/62DYdZEHu2o/.git/objects/pack/pack-2718a20d40e2d704ddb7a09ebc046b3407382ef7.idx" />
      <file href="story_content/WebObjects/62DYdZEHu2o/.git/objects/pack/pack-2718a20d40e2d704ddb7a09ebc046b3407382ef7.pack" />
      <file href="story_content/WebObjects/62DYdZEHu2o/.git/refs/heads/master" />
      <file href="story_content/WebObjects/62DYdZEHu2o/.git/refs/heads/try" />
      <file href="story_content/WebObjects/62DYdZEHu2o/css/materialize.css" />
      <file href="story_content/WebObjects/62DYdZEHu2o/css/style.css" />
      <file href="story_content/WebObjects/62DYdZEHu2o/img/BubphtalWildbiene.jpg" />
      <file href="story_content/WebObjects/62DYdZEHu2o/img/Faltenwespe.jpg" />
      <file href="story_content/WebObjects/62DYdZEHu2o/img/Gartenhummel.jpg" />
      <file href="story_content/WebObjects/62DYdZEHu2o/img/gelbbindigeFruchenbiene.jpg" />
      <file href="story_content/WebObjects/62DYdZEHu2o/img/Honigbiene.jpg" />
      <file href="story_content/WebObjects/62DYdZEHu2o/img/LavandulaSchwebfliege.jpg" />
      <file href="story_content/WebObjects/62DYdZEHu2o/img/Pollenhöschen.jpg" />
      <file href="story_content/WebObjects/62DYdZEHu2o/img/SchwebfliegeEchinacea.jpg" />
      <file href="story_content/WebObjects/62DYdZEHu2o/img/SchwebliegeCatananche.jpg" />
      <file href="story_content/WebObjects/62DYdZEHu2o/img/stahlblaueGrillenjaeger.jpg" />
      <file href="story_content/WebObjects/62DYdZEHu2o/img/Steinhummel.jpg" />
      <file href="story_content/WebObjects/62DYdZEHu2o/js/DragDropTouch.js" />
      <file href="story_content/WebObjects/62DYdZEHu2o/js/jquery-3.6.0.min.js" />
      <file href="story_content/WebObjects/62DYdZEHu2o/js/main.js" />
      <file href="mobile/62DYdZEHu2o5fGCTrZ9tnq{Width=700, Height=520}Light_80_DX1400_DY1400_CX700_CY520.jpg" />
      <file href="meta.xml" />
      <file href="story_content/user.js" />
      <file href="html5/data/css/output.min.css" />
      <file href="html5/data/js/6qrRabWYMik.js" />
      <file href="html5/data/js/data.js" />
      <file href="html5/data/js/frame.js" />
      <file href="html5/data/js/paths.js" />
      <file href="html5/lib/scripts/bootstrapper.min.js" />
      <file href="html5/lib/scripts/frame.desktop.min.js" />
      <file href="html5/lib/scripts/frame.mobile.min.js" />
      <file href="html5/lib/scripts/slides.min.js" />
      <file href="html5/lib/stylesheets/desktop.min.css" />
      <file href="html5/lib/stylesheets/mobile.min.css" />
      <file href="html5/lib/stylesheets/mobile-fonts/open-sans-bold.woff" />
      <file href="html5/lib/stylesheets/mobile-fonts/open-sans-light.woff" />
      <file href="html5/lib/stylesheets/mobile-fonts/open-sans-regular.woff" />
      <file href="analytics-frame.html" />
      <file href="story.html" />
      <file href="index_lms.html" />
      <file href="lms/AICCComm.html" />
      <file href="lms/blank.html" />
      <file href="lms/browsersniff.js" />
      <file href="lms/goodbye.html" />
      <file href="lms/LICENSE.txt" />
      <file href="lms/scormdriver.js" />
    </resource>
  </resources>
</manifest>